percentage,returns
0.23314574508094077,ЁЯФ╡ЁЯФ╡тЪктЪктЪктЪктЪктЪктЪк
0.8894017199030565,ЁЯФ╡ЁЯФ╡ЁЯФ╡ЁЯФ╡ЁЯФ╡ЁЯФ╡ЁЯФ╡ЁЯФ╡тЪк
0.3733920222972368,ЁЯФ╡ЁЯФ╡ЁЯФ╡тЪктЪктЪктЪктЪктЪк
0.5150602099684043,ЁЯФ╡ЁЯФ╡ЁЯФ╡ЁЯФ╡ЁЯФ╡тЪктЪктЪктЪк
0.08741837766413485,тЪктЪктЪктЪктЪктЪктЪктЪктЪк
0.6171466180345494,ЁЯФ╡ЁЯФ╡ЁЯФ╡ЁЯФ╡ЁЯФ╡ЁЯФ╡тЪктЪктЪк
0.15840803164494377,ЁЯФ╡тЪктЪктЪктЪктЪктЪктЪктЪк
0.4790002745034111,ЁЯФ╡ЁЯФ╡ЁЯФ╡ЁЯФ╡тЪктЪктЪктЪктЪк
0.12566959386044863,ЁЯФ╡тЪктЪктЪктЪктЪктЪктЪктЪк
0.9540453981466129,ЁЯФ╡ЁЯФ╡ЁЯФ╡ЁЯФ╡ЁЯФ╡ЁЯФ╡ЁЯФ╡ЁЯФ╡ЁЯФ╡
0.4270497200051613,ЁЯФ╡ЁЯФ╡ЁЯФ╡ЁЯФ╡тЪктЪктЪктЪктЪк
0.9465014412539441,ЁЯФ╡ЁЯФ╡ЁЯФ╡ЁЯФ╡ЁЯФ╡ЁЯФ╡ЁЯФ╡ЁЯФ╡ЁЯФ╡
0.9549376801387776,ЁЯФ╡ЁЯФ╡ЁЯФ╡ЁЯФ╡ЁЯФ╡ЁЯФ╡ЁЯФ╡ЁЯФ╡ЁЯФ╡
0.5749645960427946,ЁЯФ╡ЁЯФ╡ЁЯФ╡ЁЯФ╡ЁЯФ╡тЪктЪктЪктЪк
0.42874887494638925,ЁЯФ╡ЁЯФ╡ЁЯФ╡ЁЯФ╡тЪктЪктЪктЪктЪк
0.21903532069461285,ЁЯФ╡ЁЯФ╡тЪктЪктЪктЪктЪктЪктЪк
0.1847434820612458,ЁЯФ╡тЪктЪктЪктЪктЪктЪктЪктЪк
0.8684712228835602,ЁЯФ╡ЁЯФ╡ЁЯФ╡ЁЯФ╡ЁЯФ╡ЁЯФ╡ЁЯФ╡ЁЯФ╡тЪк
0.5272613976356211,ЁЯФ╡ЁЯФ╡ЁЯФ╡ЁЯФ╡ЁЯФ╡тЪктЪктЪктЪк
0.13854488009661392,ЁЯФ╡тЪктЪктЪктЪктЪктЪктЪктЪк
0.6602668999207644,ЁЯФ╡ЁЯФ╡ЁЯФ╡ЁЯФ╡ЁЯФ╡ЁЯФ╡тЪктЪктЪк
0.3555506095402219,ЁЯФ╡ЁЯФ╡ЁЯФ╡тЪктЪктЪктЪктЪктЪк
0.7382910760762643,ЁЯФ╡ЁЯФ╡ЁЯФ╡ЁЯФ╡ЁЯФ╡ЁЯФ╡ЁЯФ╡тЪктЪк
0.6957281691885877,ЁЯФ╡ЁЯФ╡ЁЯФ╡ЁЯФ╡ЁЯФ╡ЁЯФ╡тЪктЪктЪк
0.7512342810288712,ЁЯФ╡ЁЯФ╡ЁЯФ╡ЁЯФ╡ЁЯФ╡ЁЯФ╡ЁЯФ╡тЪктЪк
0.5556573029412496,ЁЯФ╡ЁЯФ╡ЁЯФ╡ЁЯФ╡ЁЯФ╡тЪктЪктЪктЪк
0.3168094396583746,ЁЯФ╡ЁЯФ╡ЁЯФ╡тЪктЪктЪктЪктЪктЪк
0.9247398516801801,ЁЯФ╡ЁЯФ╡ЁЯФ╡ЁЯФ╡ЁЯФ╡ЁЯФ╡ЁЯФ╡ЁЯФ╡ЁЯФ╡
0.18709574136084828,ЁЯФ╡тЪктЪктЪктЪктЪктЪктЪктЪк
0.9993535622944811,ЁЯФ╡ЁЯФ╡ЁЯФ╡ЁЯФ╡ЁЯФ╡ЁЯФ╡ЁЯФ╡ЁЯФ╡ЁЯФ╡
0.5743103105114022,ЁЯФ╡ЁЯФ╡ЁЯФ╡ЁЯФ╡ЁЯФ╡тЪктЪктЪктЪк
0.3790846200193987,ЁЯФ╡ЁЯФ╡ЁЯФ╡тЪктЪктЪктЪктЪктЪк
0.28438316394775764,ЁЯФ╡ЁЯФ╡тЪктЪктЪктЪктЪктЪктЪк
0.8630646836920302,ЁЯФ╡ЁЯФ╡ЁЯФ╡ЁЯФ╡ЁЯФ╡ЁЯФ╡ЁЯФ╡ЁЯФ╡тЪк
0.09557263152590423,тЪктЪктЪктЪктЪктЪктЪктЪктЪк
0.3630011711624819,ЁЯФ╡ЁЯФ╡ЁЯФ╡тЪктЪктЪктЪктЪктЪк
0.135402830611713,ЁЯФ╡тЪктЪктЪктЪктЪктЪктЪктЪк
0.3010648364657482,ЁЯФ╡ЁЯФ╡ЁЯФ╡тЪктЪктЪктЪктЪктЪк
0.633396291319461,ЁЯФ╡ЁЯФ╡ЁЯФ╡ЁЯФ╡ЁЯФ╡ЁЯФ╡тЪктЪктЪк
0.01844385876247079,тЪктЪктЪктЪктЪктЪктЪктЪктЪк
0.32604122023125093,ЁЯФ╡ЁЯФ╡ЁЯФ╡тЪктЪктЪктЪктЪктЪк
0.33007907323729835,ЁЯФ╡ЁЯФ╡ЁЯФ╡тЪктЪктЪктЪктЪктЪк
0.9715398044286216,ЁЯФ╡ЁЯФ╡ЁЯФ╡ЁЯФ╡ЁЯФ╡ЁЯФ╡ЁЯФ╡ЁЯФ╡ЁЯФ╡
0.22360020401691483,ЁЯФ╡ЁЯФ╡тЪктЪктЪктЪктЪктЪктЪк
0.3257367465450961,ЁЯФ╡ЁЯФ╡ЁЯФ╡тЪктЪктЪктЪктЪктЪк
0.9190686080795926,ЁЯФ╡ЁЯФ╡ЁЯФ╡ЁЯФ╡ЁЯФ╡ЁЯФ╡ЁЯФ╡ЁЯФ╡ЁЯФ╡
0.5968583022630068,ЁЯФ╡ЁЯФ╡ЁЯФ╡ЁЯФ╡ЁЯФ╡тЪктЪктЪктЪк
0.5016382067756586,ЁЯФ╡ЁЯФ╡ЁЯФ╡ЁЯФ╡ЁЯФ╡тЪктЪктЪктЪк
0.7607643859473157,ЁЯФ╡ЁЯФ╡ЁЯФ╡ЁЯФ╡ЁЯФ╡ЁЯФ╡ЁЯФ╡тЪктЪк
0.6773339175364449,ЁЯФ╡ЁЯФ╡ЁЯФ╡ЁЯФ╡ЁЯФ╡ЁЯФ╡тЪктЪктЪк
0.9422259583497968,ЁЯФ╡ЁЯФ╡ЁЯФ╡ЁЯФ╡ЁЯФ╡ЁЯФ╡ЁЯФ╡ЁЯФ╡ЁЯФ╡
0.16431556412834736,ЁЯФ╡тЪктЪктЪктЪктЪктЪктЪктЪк
0.2606215499331297,ЁЯФ╡ЁЯФ╡тЪктЪктЪктЪктЪктЪктЪк
0.10407546847160087,ЁЯФ╡тЪктЪктЪктЪктЪктЪктЪктЪк
0.3768051604654653,ЁЯФ╡ЁЯФ╡ЁЯФ╡тЪктЪктЪктЪктЪктЪк
0.5988340829901455,ЁЯФ╡ЁЯФ╡ЁЯФ╡ЁЯФ╡ЁЯФ╡тЪктЪктЪктЪк
0.8289724428432799,ЁЯФ╡ЁЯФ╡ЁЯФ╡ЁЯФ╡ЁЯФ╡ЁЯФ╡ЁЯФ╡ЁЯФ╡тЪк
0.7247908055569101,ЁЯФ╡ЁЯФ╡ЁЯФ╡ЁЯФ╡ЁЯФ╡ЁЯФ╡ЁЯФ╡тЪктЪк
0.461106185576052,ЁЯФ╡ЁЯФ╡ЁЯФ╡ЁЯФ╡тЪктЪктЪктЪктЪк
0.8161477379544445,ЁЯФ╡ЁЯФ╡ЁЯФ╡ЁЯФ╡ЁЯФ╡ЁЯФ╡ЁЯФ╡ЁЯФ╡тЪк
0.8666812422661617,ЁЯФ╡ЁЯФ╡ЁЯФ╡ЁЯФ╡ЁЯФ╡ЁЯФ╡ЁЯФ╡ЁЯФ╡тЪк
0.6655926216885079,ЁЯФ╡ЁЯФ╡ЁЯФ╡ЁЯФ╡ЁЯФ╡ЁЯФ╡тЪктЪктЪк
0.7877524721703392,ЁЯФ╡ЁЯФ╡ЁЯФ╡ЁЯФ╡ЁЯФ╡ЁЯФ╡ЁЯФ╡тЪктЪк
0.8490501184052557,ЁЯФ╡ЁЯФ╡ЁЯФ╡ЁЯФ╡ЁЯФ╡ЁЯФ╡ЁЯФ╡ЁЯФ╡тЪк
0.19236632664439968,ЁЯФ╡тЪктЪктЪктЪктЪктЪктЪктЪк
0.2935257515741453,ЁЯФ╡ЁЯФ╡тЪктЪктЪктЪктЪктЪктЪк
0.5673759228693,ЁЯФ╡ЁЯФ╡ЁЯФ╡ЁЯФ╡ЁЯФ╡тЪктЪктЪктЪк
0.6071899582629493,ЁЯФ╡ЁЯФ╡ЁЯФ╡ЁЯФ╡ЁЯФ╡ЁЯФ╡тЪктЪктЪк
0.5336193817073562,ЁЯФ╡ЁЯФ╡ЁЯФ╡ЁЯФ╡ЁЯФ╡тЪктЪктЪктЪк
0.6271359891215175,ЁЯФ╡ЁЯФ╡ЁЯФ╡ЁЯФ╡ЁЯФ╡ЁЯФ╡тЪктЪктЪк
0.7553931297924765,ЁЯФ╡ЁЯФ╡ЁЯФ╡ЁЯФ╡ЁЯФ╡ЁЯФ╡ЁЯФ╡тЪктЪк
0.9238195187940674,ЁЯФ╡ЁЯФ╡ЁЯФ╡ЁЯФ╡ЁЯФ╡ЁЯФ╡ЁЯФ╡ЁЯФ╡ЁЯФ╡
0.03581876384646787,тЪктЪктЪктЪктЪктЪктЪктЪктЪк
0.47980564014523475,ЁЯФ╡ЁЯФ╡ЁЯФ╡ЁЯФ╡тЪктЪктЪктЪктЪк
0.8024074215239393,ЁЯФ╡ЁЯФ╡ЁЯФ╡ЁЯФ╡ЁЯФ╡ЁЯФ╡ЁЯФ╡ЁЯФ╡тЪк
0.4846615200511667,ЁЯФ╡ЁЯФ╡ЁЯФ╡ЁЯФ╡тЪктЪктЪктЪктЪк
0.22878671812567886,ЁЯФ╡ЁЯФ╡тЪктЪктЪктЪктЪктЪктЪк
0.3339176487887886,ЁЯФ╡ЁЯФ╡ЁЯФ╡тЪктЪктЪктЪктЪктЪк
0.7017313389537898,ЁЯФ╡ЁЯФ╡ЁЯФ╡ЁЯФ╡ЁЯФ╡ЁЯФ╡ЁЯФ╡тЪктЪк
0.23870762716748262,ЁЯФ╡ЁЯФ╡тЪктЪктЪктЪктЪктЪктЪк
0.7208741208439902,ЁЯФ╡ЁЯФ╡ЁЯФ╡ЁЯФ╡ЁЯФ╡ЁЯФ╡ЁЯФ╡тЪктЪк
0.7184075621373835,ЁЯФ╡ЁЯФ╡ЁЯФ╡ЁЯФ╡ЁЯФ╡ЁЯФ╡ЁЯФ╡тЪктЪк
0.11474731491250612,ЁЯФ╡тЪктЪктЪктЪктЪктЪктЪктЪк
0.9313077793408974,ЁЯФ╡ЁЯФ╡ЁЯФ╡ЁЯФ╡ЁЯФ╡ЁЯФ╡ЁЯФ╡ЁЯФ╡ЁЯФ╡
0.8190726733701035,ЁЯФ╡ЁЯФ╡ЁЯФ╡ЁЯФ╡ЁЯФ╡ЁЯФ╡ЁЯФ╡ЁЯФ╡тЪк
0.8666178754705877,ЁЯФ╡ЁЯФ╡ЁЯФ╡ЁЯФ╡ЁЯФ╡ЁЯФ╡ЁЯФ╡ЁЯФ╡тЪк
0.15504874072153907,ЁЯФ╡тЪктЪктЪктЪктЪктЪктЪктЪк
0.6188166605713075,ЁЯФ╡ЁЯФ╡ЁЯФ╡ЁЯФ╡ЁЯФ╡ЁЯФ╡тЪктЪктЪк
0.1477457922913078,ЁЯФ╡тЪктЪктЪктЪктЪктЪктЪктЪк
0.012485667291177394,тЪктЪктЪктЪктЪктЪктЪктЪктЪк
0.2663143387711121,ЁЯФ╡ЁЯФ╡тЪктЪктЪктЪктЪктЪктЪк
0.8193741786365835,ЁЯФ╡ЁЯФ╡ЁЯФ╡ЁЯФ╡ЁЯФ╡ЁЯФ╡ЁЯФ╡ЁЯФ╡тЪк
0.492391472923529,ЁЯФ╡ЁЯФ╡ЁЯФ╡ЁЯФ╡тЪктЪктЪктЪктЪк
0.3775337406845797,ЁЯФ╡ЁЯФ╡ЁЯФ╡тЪктЪктЪктЪктЪктЪк
0.4900332335185894,ЁЯФ╡ЁЯФ╡ЁЯФ╡ЁЯФ╡тЪктЪктЪктЪктЪк
0.5893815751898891,ЁЯФ╡ЁЯФ╡ЁЯФ╡ЁЯФ╡ЁЯФ╡тЪктЪктЪктЪк
0.4475818648539397,ЁЯФ╡ЁЯФ╡ЁЯФ╡ЁЯФ╡тЪктЪктЪктЪктЪк
0.18660936942767747,ЁЯФ╡тЪктЪктЪктЪктЪктЪктЪктЪк
0.9735443094307793,ЁЯФ╡ЁЯФ╡ЁЯФ╡ЁЯФ╡ЁЯФ╡ЁЯФ╡ЁЯФ╡ЁЯФ╡ЁЯФ╡
0.7813077248452881,ЁЯФ╡ЁЯФ╡ЁЯФ╡ЁЯФ╡ЁЯФ╡ЁЯФ╡ЁЯФ╡тЪктЪк
0.6953731461148498,ЁЯФ╡ЁЯФ╡ЁЯФ╡ЁЯФ╡ЁЯФ╡ЁЯФ╡тЪктЪктЪк
0.6136153622247903,ЁЯФ╡ЁЯФ╡ЁЯФ╡ЁЯФ╡ЁЯФ╡ЁЯФ╡тЪктЪктЪк
0.6054708622730258,ЁЯФ╡ЁЯФ╡ЁЯФ╡ЁЯФ╡ЁЯФ╡ЁЯФ╡тЪктЪктЪк
0.9152218244427335,ЁЯФ╡ЁЯФ╡ЁЯФ╡ЁЯФ╡ЁЯФ╡ЁЯФ╡ЁЯФ╡ЁЯФ╡ЁЯФ╡
0.9026841162840022,ЁЯФ╡ЁЯФ╡ЁЯФ╡ЁЯФ╡ЁЯФ╡ЁЯФ╡ЁЯФ╡ЁЯФ╡ЁЯФ╡
0.5008050109585016,ЁЯФ╡ЁЯФ╡ЁЯФ╡ЁЯФ╡ЁЯФ╡тЪктЪктЪктЪк
0.38233661651458706,ЁЯФ╡ЁЯФ╡ЁЯФ╡тЪктЪктЪктЪктЪктЪк
0.39845201515038453,ЁЯФ╡ЁЯФ╡ЁЯФ╡тЪктЪктЪктЪктЪктЪк
0.31705805677619203,ЁЯФ╡ЁЯФ╡ЁЯФ╡тЪктЪктЪктЪктЪктЪк
0.9340919398815918,ЁЯФ╡ЁЯФ╡ЁЯФ╡ЁЯФ╡ЁЯФ╡ЁЯФ╡ЁЯФ╡ЁЯФ╡ЁЯФ╡
0.12312015070019522,ЁЯФ╡тЪктЪктЪктЪктЪктЪктЪктЪк
0.31369849161241403,ЁЯФ╡ЁЯФ╡ЁЯФ╡тЪктЪктЪктЪктЪктЪк
0.21314580865998256,ЁЯФ╡ЁЯФ╡тЪктЪктЪктЪктЪктЪктЪк
0.2792913360841691,ЁЯФ╡ЁЯФ╡тЪктЪктЪктЪктЪктЪктЪк
0.6278160459898952,ЁЯФ╡ЁЯФ╡ЁЯФ╡ЁЯФ╡ЁЯФ╡ЁЯФ╡тЪктЪктЪк
0.9379054076925317,ЁЯФ╡ЁЯФ╡ЁЯФ╡ЁЯФ╡ЁЯФ╡ЁЯФ╡ЁЯФ╡ЁЯФ╡ЁЯФ╡
0.7003714659922528,ЁЯФ╡ЁЯФ╡ЁЯФ╡ЁЯФ╡ЁЯФ╡ЁЯФ╡ЁЯФ╡тЪктЪк
0.22548268290277174,ЁЯФ╡ЁЯФ╡тЪктЪктЪктЪктЪктЪктЪк
0.2441553797288506,ЁЯФ╡ЁЯФ╡тЪктЪктЪктЪктЪктЪктЪк
0.6927107957761279,ЁЯФ╡ЁЯФ╡ЁЯФ╡ЁЯФ╡ЁЯФ╡ЁЯФ╡тЪктЪктЪк
0.464087856437857,ЁЯФ╡ЁЯФ╡ЁЯФ╡ЁЯФ╡тЪктЪктЪктЪктЪк
0.0772574136947749,тЪктЪктЪктЪктЪктЪктЪктЪктЪк
0.48288229192577314,ЁЯФ╡ЁЯФ╡ЁЯФ╡ЁЯФ╡тЪктЪктЪктЪктЪк
0.8609863687073759,ЁЯФ╡ЁЯФ╡ЁЯФ╡ЁЯФ╡ЁЯФ╡ЁЯФ╡ЁЯФ╡ЁЯФ╡тЪк
0.38367944260933307,ЁЯФ╡ЁЯФ╡ЁЯФ╡тЪктЪктЪктЪктЪктЪк
0.5981206484530204,ЁЯФ╡ЁЯФ╡ЁЯФ╡ЁЯФ╡ЁЯФ╡тЪктЪктЪктЪк
0.6439016058369177,ЁЯФ╡ЁЯФ╡ЁЯФ╡ЁЯФ╡ЁЯФ╡ЁЯФ╡тЪктЪктЪк
0.13761386608356896,ЁЯФ╡тЪктЪктЪктЪктЪктЪктЪктЪк
0.7992388457422999,ЁЯФ╡ЁЯФ╡ЁЯФ╡ЁЯФ╡ЁЯФ╡ЁЯФ╡ЁЯФ╡тЪктЪк
0.09986974159057116,тЪктЪктЪктЪктЪктЪктЪктЪктЪк
0.8731621696974439,ЁЯФ╡ЁЯФ╡ЁЯФ╡ЁЯФ╡ЁЯФ╡ЁЯФ╡ЁЯФ╡ЁЯФ╡тЪк
0.43532578092722174,ЁЯФ╡ЁЯФ╡ЁЯФ╡ЁЯФ╡тЪктЪктЪктЪктЪк
0.5598285167237653,ЁЯФ╡ЁЯФ╡ЁЯФ╡ЁЯФ╡ЁЯФ╡тЪктЪктЪктЪк
0.06858810386987246,тЪктЪктЪктЪктЪктЪктЪктЪктЪк
0.2822362578162836,ЁЯФ╡ЁЯФ╡тЪктЪктЪктЪктЪктЪктЪк
0.4109734704053558,ЁЯФ╡ЁЯФ╡ЁЯФ╡ЁЯФ╡тЪктЪктЪктЪктЪк
0.7628687384219588,ЁЯФ╡ЁЯФ╡ЁЯФ╡ЁЯФ╡ЁЯФ╡ЁЯФ╡ЁЯФ╡тЪктЪк
0.7967210968057474,ЁЯФ╡ЁЯФ╡ЁЯФ╡ЁЯФ╡ЁЯФ╡ЁЯФ╡ЁЯФ╡тЪктЪк
0.2878946594102021,ЁЯФ╡ЁЯФ╡тЪктЪктЪктЪктЪктЪктЪк
0.8767676970926679,ЁЯФ╡ЁЯФ╡ЁЯФ╡ЁЯФ╡ЁЯФ╡ЁЯФ╡ЁЯФ╡ЁЯФ╡тЪк
0.7470614587593362,ЁЯФ╡ЁЯФ╡ЁЯФ╡ЁЯФ╡ЁЯФ╡ЁЯФ╡ЁЯФ╡тЪктЪк
0.16289446018386222,ЁЯФ╡тЪктЪктЪктЪктЪктЪктЪктЪк
0.7407407137508947,ЁЯФ╡ЁЯФ╡ЁЯФ╡ЁЯФ╡ЁЯФ╡ЁЯФ╡ЁЯФ╡тЪктЪк
0.34449962770011255,ЁЯФ╡ЁЯФ╡ЁЯФ╡тЪктЪктЪктЪктЪктЪк
0.44076172342751285,ЁЯФ╡ЁЯФ╡ЁЯФ╡ЁЯФ╡тЪктЪктЪктЪктЪк
0.5771500451481324,ЁЯФ╡ЁЯФ╡ЁЯФ╡ЁЯФ╡ЁЯФ╡тЪктЪктЪктЪк
0.30334575876453507,ЁЯФ╡ЁЯФ╡ЁЯФ╡тЪктЪктЪктЪктЪктЪк
0.37755542983682244,ЁЯФ╡ЁЯФ╡ЁЯФ╡тЪктЪктЪктЪктЪктЪк
0.3004615619594472,ЁЯФ╡ЁЯФ╡ЁЯФ╡тЪктЪктЪктЪктЪктЪк
0.7111485832142936,ЁЯФ╡ЁЯФ╡ЁЯФ╡ЁЯФ╡ЁЯФ╡ЁЯФ╡ЁЯФ╡тЪктЪк
0.24226602882948167,ЁЯФ╡ЁЯФ╡тЪктЪктЪктЪктЪктЪктЪк
0.27520497500406904,ЁЯФ╡ЁЯФ╡тЪктЪктЪктЪктЪктЪктЪк
0.18803889768198467,ЁЯФ╡тЪктЪктЪктЪктЪктЪктЪктЪк
0.9798521579786199,ЁЯФ╡ЁЯФ╡ЁЯФ╡ЁЯФ╡ЁЯФ╡ЁЯФ╡ЁЯФ╡ЁЯФ╡ЁЯФ╡
0.1458583975384914,ЁЯФ╡тЪктЪктЪктЪктЪктЪктЪктЪк
0.2905142377059847,ЁЯФ╡ЁЯФ╡тЪктЪктЪктЪктЪктЪктЪк
0.9114443126990045,ЁЯФ╡ЁЯФ╡ЁЯФ╡ЁЯФ╡ЁЯФ╡ЁЯФ╡ЁЯФ╡ЁЯФ╡ЁЯФ╡
0.617391023188774,ЁЯФ╡ЁЯФ╡ЁЯФ╡ЁЯФ╡ЁЯФ╡ЁЯФ╡тЪктЪктЪк
0.3928547360324849,ЁЯФ╡ЁЯФ╡ЁЯФ╡тЪктЪктЪктЪктЪктЪк
0.6760244189149399,ЁЯФ╡ЁЯФ╡ЁЯФ╡ЁЯФ╡ЁЯФ╡ЁЯФ╡тЪктЪктЪк
0.5545261840248408,ЁЯФ╡ЁЯФ╡ЁЯФ╡ЁЯФ╡ЁЯФ╡тЪктЪктЪктЪк
0.655399335973451,ЁЯФ╡ЁЯФ╡ЁЯФ╡ЁЯФ╡ЁЯФ╡ЁЯФ╡тЪктЪктЪк
0.1991530468368421,ЁЯФ╡тЪктЪктЪктЪктЪктЪктЪктЪк
0.3855698632731128,ЁЯФ╡ЁЯФ╡ЁЯФ╡тЪктЪктЪктЪктЪктЪк
0.623521900724351,ЁЯФ╡ЁЯФ╡ЁЯФ╡ЁЯФ╡ЁЯФ╡ЁЯФ╡тЪктЪктЪк
0.6259393213802918,ЁЯФ╡ЁЯФ╡ЁЯФ╡ЁЯФ╡ЁЯФ╡ЁЯФ╡тЪктЪктЪк
0.19653046371362237,ЁЯФ╡тЪктЪктЪктЪктЪктЪктЪктЪк
0.46289056961108654,ЁЯФ╡ЁЯФ╡ЁЯФ╡ЁЯФ╡тЪктЪктЪктЪктЪк
0.7374503532127785,ЁЯФ╡ЁЯФ╡ЁЯФ╡ЁЯФ╡ЁЯФ╡ЁЯФ╡ЁЯФ╡тЪктЪк
0.4132326773890991,ЁЯФ╡ЁЯФ╡ЁЯФ╡ЁЯФ╡тЪктЪктЪктЪктЪк
0.1401182488342091,ЁЯФ╡тЪктЪктЪктЪктЪктЪктЪктЪк
0.9395426478394701,ЁЯФ╡ЁЯФ╡ЁЯФ╡ЁЯФ╡ЁЯФ╡ЁЯФ╡ЁЯФ╡ЁЯФ╡ЁЯФ╡
0.20026327169163194,ЁЯФ╡ЁЯФ╡тЪктЪктЪктЪктЪктЪктЪк
0.472403589991528,ЁЯФ╡ЁЯФ╡ЁЯФ╡ЁЯФ╡тЪктЪктЪктЪктЪк
0.9613738906198468,ЁЯФ╡ЁЯФ╡ЁЯФ╡ЁЯФ╡ЁЯФ╡ЁЯФ╡ЁЯФ╡ЁЯФ╡ЁЯФ╡
0.03356244835178157,тЪктЪктЪктЪктЪктЪктЪктЪктЪк
0.6626926568952538,ЁЯФ╡ЁЯФ╡ЁЯФ╡ЁЯФ╡ЁЯФ╡ЁЯФ╡тЪктЪктЪк
0.68027373663138,ЁЯФ╡ЁЯФ╡ЁЯФ╡ЁЯФ╡ЁЯФ╡ЁЯФ╡тЪктЪктЪк
0.8179347737456735,ЁЯФ╡ЁЯФ╡ЁЯФ╡ЁЯФ╡ЁЯФ╡ЁЯФ╡ЁЯФ╡ЁЯФ╡тЪк
0.08217241303853384,тЪктЪктЪктЪктЪктЪктЪктЪктЪк
0.887000829300396,ЁЯФ╡ЁЯФ╡ЁЯФ╡ЁЯФ╡ЁЯФ╡ЁЯФ╡ЁЯФ╡ЁЯФ╡тЪк
0.04190991750386375,тЪктЪктЪктЪктЪктЪктЪктЪктЪк
0.004022040760672252,тЪктЪктЪктЪктЪктЪктЪктЪктЪк
0.9321320481203237,ЁЯФ╡ЁЯФ╡ЁЯФ╡ЁЯФ╡ЁЯФ╡ЁЯФ╡ЁЯФ╡ЁЯФ╡ЁЯФ╡
0.4521943888523121,ЁЯФ╡ЁЯФ╡ЁЯФ╡ЁЯФ╡тЪктЪктЪктЪктЪк
0.32552166437008234,ЁЯФ╡ЁЯФ╡ЁЯФ╡тЪктЪктЪктЪктЪктЪк
0.024761755220358728,тЪктЪктЪктЪктЪктЪктЪктЪктЪк
0.8087276817856589,ЁЯФ╡ЁЯФ╡ЁЯФ╡ЁЯФ╡ЁЯФ╡ЁЯФ╡ЁЯФ╡ЁЯФ╡тЪк
0.5530607350339141,ЁЯФ╡ЁЯФ╡ЁЯФ╡ЁЯФ╡ЁЯФ╡тЪктЪктЪктЪк
0.5630372088502988,ЁЯФ╡ЁЯФ╡ЁЯФ╡ЁЯФ╡ЁЯФ╡тЪктЪктЪктЪк
0.39405507424367237,ЁЯФ╡ЁЯФ╡ЁЯФ╡тЪктЪктЪктЪктЪктЪк
0.07020610278186867,тЪктЪктЪктЪктЪктЪктЪктЪктЪк
0.48524797497342975,ЁЯФ╡ЁЯФ╡ЁЯФ╡ЁЯФ╡тЪктЪктЪктЪктЪк
0.25537413231806094,ЁЯФ╡ЁЯФ╡тЪктЪктЪктЪктЪктЪктЪк
0.9250827031279341,ЁЯФ╡ЁЯФ╡ЁЯФ╡ЁЯФ╡ЁЯФ╡ЁЯФ╡ЁЯФ╡ЁЯФ╡ЁЯФ╡
0.7928771402800974,ЁЯФ╡ЁЯФ╡ЁЯФ╡ЁЯФ╡ЁЯФ╡ЁЯФ╡ЁЯФ╡тЪктЪк
0.16590458240094752,ЁЯФ╡тЪктЪктЪктЪктЪктЪктЪктЪк
0.8348276633063471,ЁЯФ╡ЁЯФ╡ЁЯФ╡ЁЯФ╡ЁЯФ╡ЁЯФ╡ЁЯФ╡ЁЯФ╡тЪк
0.10795048390876094,ЁЯФ╡тЪктЪктЪктЪктЪктЪктЪктЪк
0.6259471463117888,ЁЯФ╡ЁЯФ╡ЁЯФ╡ЁЯФ╡ЁЯФ╡ЁЯФ╡тЪктЪктЪк
0.6773803994737396,ЁЯФ╡ЁЯФ╡ЁЯФ╡ЁЯФ╡ЁЯФ╡ЁЯФ╡тЪктЪктЪк
0.16112960783841468,ЁЯФ╡тЪктЪктЪктЪктЪктЪктЪктЪк
0.6839840820724175,ЁЯФ╡ЁЯФ╡ЁЯФ╡ЁЯФ╡ЁЯФ╡ЁЯФ╡тЪктЪктЪк
0.828444678395801,ЁЯФ╡ЁЯФ╡ЁЯФ╡ЁЯФ╡ЁЯФ╡ЁЯФ╡ЁЯФ╡ЁЯФ╡тЪк
0.9011475159349478,ЁЯФ╡ЁЯФ╡ЁЯФ╡ЁЯФ╡ЁЯФ╡ЁЯФ╡ЁЯФ╡ЁЯФ╡ЁЯФ╡
0.5583924346781822,ЁЯФ╡ЁЯФ╡ЁЯФ╡ЁЯФ╡ЁЯФ╡тЪктЪктЪктЪк
0.8090928802731668,ЁЯФ╡ЁЯФ╡ЁЯФ╡ЁЯФ╡ЁЯФ╡ЁЯФ╡ЁЯФ╡ЁЯФ╡тЪк
0.5993031978551623,ЁЯФ╡ЁЯФ╡ЁЯФ╡ЁЯФ╡ЁЯФ╡тЪктЪктЪктЪк
0.548590563727942,ЁЯФ╡ЁЯФ╡ЁЯФ╡ЁЯФ╡ЁЯФ╡тЪктЪктЪктЪк
0.6148361864991306,ЁЯФ╡ЁЯФ╡ЁЯФ╡ЁЯФ╡ЁЯФ╡ЁЯФ╡тЪктЪктЪк
0.8928898649655886,ЁЯФ╡ЁЯФ╡ЁЯФ╡ЁЯФ╡ЁЯФ╡ЁЯФ╡ЁЯФ╡ЁЯФ╡тЪк
0.5705325776660145,ЁЯФ╡ЁЯФ╡ЁЯФ╡ЁЯФ╡ЁЯФ╡тЪктЪктЪктЪк
0.48147324350807796,ЁЯФ╡ЁЯФ╡ЁЯФ╡ЁЯФ╡тЪктЪктЪктЪктЪк
0.9060471529751075,ЁЯФ╡ЁЯФ╡ЁЯФ╡ЁЯФ╡ЁЯФ╡ЁЯФ╡ЁЯФ╡ЁЯФ╡ЁЯФ╡
0.7018239319622994,ЁЯФ╡ЁЯФ╡ЁЯФ╡ЁЯФ╡ЁЯФ╡ЁЯФ╡ЁЯФ╡тЪктЪк
0.441887335752973,ЁЯФ╡ЁЯФ╡ЁЯФ╡ЁЯФ╡тЪктЪктЪктЪктЪк
0.9381010834202897,ЁЯФ╡ЁЯФ╡ЁЯФ╡ЁЯФ╡ЁЯФ╡ЁЯФ╡ЁЯФ╡ЁЯФ╡ЁЯФ╡
0.16082661673812526,ЁЯФ╡тЪктЪктЪктЪктЪктЪктЪктЪк
0.0754621363901411,тЪктЪктЪктЪктЪктЪктЪктЪктЪк
0.8376846170666271,ЁЯФ╡ЁЯФ╡ЁЯФ╡ЁЯФ╡ЁЯФ╡ЁЯФ╡ЁЯФ╡ЁЯФ╡тЪк
0.026243059397313417,тЪктЪктЪктЪктЪктЪктЪктЪктЪк
0.7806434944033014,ЁЯФ╡ЁЯФ╡ЁЯФ╡ЁЯФ╡ЁЯФ╡ЁЯФ╡ЁЯФ╡тЪктЪк
0.3653516580761491,ЁЯФ╡ЁЯФ╡ЁЯФ╡тЪктЪктЪктЪктЪктЪк
0.08073142935201072,тЪктЪктЪктЪктЪктЪктЪктЪктЪк
0.4481145048295273,ЁЯФ╡ЁЯФ╡ЁЯФ╡ЁЯФ╡тЪктЪктЪктЪктЪк
0.06824536910985701,тЪктЪктЪктЪктЪктЪктЪктЪктЪк
0.7041325854330392,ЁЯФ╡ЁЯФ╡ЁЯФ╡ЁЯФ╡ЁЯФ╡ЁЯФ╡ЁЯФ╡тЪктЪк
0.839217169220141,ЁЯФ╡ЁЯФ╡ЁЯФ╡ЁЯФ╡ЁЯФ╡ЁЯФ╡ЁЯФ╡ЁЯФ╡тЪк
0.2278253847836742,ЁЯФ╡ЁЯФ╡тЪктЪктЪктЪктЪктЪктЪк
0.27897450419633874,ЁЯФ╡ЁЯФ╡тЪктЪктЪктЪктЪктЪктЪк
0.9614570710825523,ЁЯФ╡ЁЯФ╡ЁЯФ╡ЁЯФ╡ЁЯФ╡ЁЯФ╡ЁЯФ╡ЁЯФ╡ЁЯФ╡
0.3966398128322486,ЁЯФ╡ЁЯФ╡ЁЯФ╡тЪктЪктЪктЪктЪктЪк
0.6055420781589939,ЁЯФ╡ЁЯФ╡ЁЯФ╡ЁЯФ╡ЁЯФ╡ЁЯФ╡тЪктЪктЪк
0.35897406200434,ЁЯФ╡ЁЯФ╡ЁЯФ╡тЪктЪктЪктЪктЪктЪк
0.13309614093481947,ЁЯФ╡тЪктЪктЪктЪктЪктЪктЪктЪк
0.6583580363597343,ЁЯФ╡ЁЯФ╡ЁЯФ╡ЁЯФ╡ЁЯФ╡ЁЯФ╡тЪктЪктЪк
0.48263090586662327,ЁЯФ╡ЁЯФ╡ЁЯФ╡ЁЯФ╡тЪктЪктЪктЪктЪк
0.058149968598193214,тЪктЪктЪктЪктЪктЪктЪктЪктЪк
0.7647711672505504,ЁЯФ╡ЁЯФ╡ЁЯФ╡ЁЯФ╡ЁЯФ╡ЁЯФ╡ЁЯФ╡тЪктЪк
0.31634201957289154,ЁЯФ╡ЁЯФ╡ЁЯФ╡тЪктЪктЪктЪктЪктЪк
0.30885925306455475,ЁЯФ╡ЁЯФ╡ЁЯФ╡тЪктЪктЪктЪктЪктЪк
0.5648159054038228,ЁЯФ╡ЁЯФ╡ЁЯФ╡ЁЯФ╡ЁЯФ╡тЪктЪктЪктЪк
0.42219236760798273,ЁЯФ╡ЁЯФ╡ЁЯФ╡ЁЯФ╡тЪктЪктЪктЪктЪк
0.5172393430337942,ЁЯФ╡ЁЯФ╡ЁЯФ╡ЁЯФ╡ЁЯФ╡тЪктЪктЪктЪк
0.8846598100474155,ЁЯФ╡ЁЯФ╡ЁЯФ╡ЁЯФ╡ЁЯФ╡ЁЯФ╡ЁЯФ╡ЁЯФ╡тЪк
0.1721658396039869,ЁЯФ╡тЪктЪктЪктЪктЪктЪктЪктЪк
0.2667789984636957,ЁЯФ╡ЁЯФ╡тЪктЪктЪктЪктЪктЪктЪк
0.4431012906480255,ЁЯФ╡ЁЯФ╡ЁЯФ╡ЁЯФ╡тЪктЪктЪктЪктЪк
0.30776278578571103,ЁЯФ╡ЁЯФ╡ЁЯФ╡тЪктЪктЪктЪктЪктЪк
0.8556378354022633,ЁЯФ╡ЁЯФ╡ЁЯФ╡ЁЯФ╡ЁЯФ╡ЁЯФ╡ЁЯФ╡ЁЯФ╡тЪк
0.3135878693203412,ЁЯФ╡ЁЯФ╡ЁЯФ╡тЪктЪктЪктЪктЪктЪк
0.5674313239231354,ЁЯФ╡ЁЯФ╡ЁЯФ╡ЁЯФ╡ЁЯФ╡тЪктЪктЪктЪк
0.08105206658590192,тЪктЪктЪктЪктЪктЪктЪктЪктЪк
0.5887092024625332,ЁЯФ╡ЁЯФ╡ЁЯФ╡ЁЯФ╡ЁЯФ╡тЪктЪктЪктЪк
0.3102822871682711,ЁЯФ╡ЁЯФ╡ЁЯФ╡тЪктЪктЪктЪктЪктЪк
0.8490742979308825,ЁЯФ╡ЁЯФ╡ЁЯФ╡ЁЯФ╡ЁЯФ╡ЁЯФ╡ЁЯФ╡ЁЯФ╡тЪк
0.523603552403677,ЁЯФ╡ЁЯФ╡ЁЯФ╡ЁЯФ╡ЁЯФ╡тЪктЪктЪктЪк
0.16176781751933023,ЁЯФ╡тЪктЪктЪктЪктЪктЪктЪктЪк
0.42063082492460824,ЁЯФ╡ЁЯФ╡ЁЯФ╡ЁЯФ╡тЪктЪктЪктЪктЪк
0.35438882623549983,ЁЯФ╡ЁЯФ╡ЁЯФ╡тЪктЪктЪктЪктЪктЪк
0.5801096202649789,ЁЯФ╡ЁЯФ╡ЁЯФ╡ЁЯФ╡ЁЯФ╡тЪктЪктЪктЪк
0.0031876163516525446,тЪктЪктЪктЪктЪктЪктЪктЪктЪк
0.5896552296397807,ЁЯФ╡ЁЯФ╡ЁЯФ╡ЁЯФ╡ЁЯФ╡тЪктЪктЪктЪк
0.7790641301429285,ЁЯФ╡ЁЯФ╡ЁЯФ╡ЁЯФ╡ЁЯФ╡ЁЯФ╡ЁЯФ╡тЪктЪк
0.4731173844581378,ЁЯФ╡ЁЯФ╡ЁЯФ╡ЁЯФ╡тЪктЪктЪктЪктЪк
0.5497311363727866,ЁЯФ╡ЁЯФ╡ЁЯФ╡ЁЯФ╡ЁЯФ╡тЪктЪктЪктЪк
0.2019442837165869,ЁЯФ╡ЁЯФ╡тЪктЪктЪктЪктЪктЪктЪк
0.34007736480538464,ЁЯФ╡ЁЯФ╡ЁЯФ╡тЪктЪктЪктЪктЪктЪк
0.19444289030195605,ЁЯФ╡тЪктЪктЪктЪктЪктЪктЪктЪк
0.68424756078575,ЁЯФ╡ЁЯФ╡ЁЯФ╡ЁЯФ╡ЁЯФ╡ЁЯФ╡тЪктЪктЪк
0.01742119107324347,тЪктЪктЪктЪктЪктЪктЪктЪктЪк
0.7751220377907343,ЁЯФ╡ЁЯФ╡ЁЯФ╡ЁЯФ╡ЁЯФ╡ЁЯФ╡ЁЯФ╡тЪктЪк
0.8198252943956406,ЁЯФ╡ЁЯФ╡ЁЯФ╡ЁЯФ╡ЁЯФ╡ЁЯФ╡ЁЯФ╡ЁЯФ╡тЪк
0.6682567700830004,ЁЯФ╡ЁЯФ╡ЁЯФ╡ЁЯФ╡ЁЯФ╡ЁЯФ╡тЪктЪктЪк
0.4822195422267147,ЁЯФ╡ЁЯФ╡ЁЯФ╡ЁЯФ╡тЪктЪктЪктЪктЪк
0.22989179384870595,ЁЯФ╡ЁЯФ╡тЪктЪктЪктЪктЪктЪктЪк
0.48929588733531215,ЁЯФ╡ЁЯФ╡ЁЯФ╡ЁЯФ╡тЪктЪктЪктЪктЪк
0.07166589617159147,тЪктЪктЪктЪктЪктЪктЪктЪктЪк
0.14421477673559668,ЁЯФ╡тЪктЪктЪктЪктЪктЪктЪктЪк
0.20569294774257174,ЁЯФ╡ЁЯФ╡тЪктЪктЪктЪктЪктЪктЪк
0.6187149531271878,ЁЯФ╡ЁЯФ╡ЁЯФ╡ЁЯФ╡ЁЯФ╡ЁЯФ╡тЪктЪктЪк
0.3709151822642608,ЁЯФ╡ЁЯФ╡ЁЯФ╡тЪктЪктЪктЪктЪктЪк
0.44197692976122316,ЁЯФ╡ЁЯФ╡ЁЯФ╡ЁЯФ╡тЪктЪктЪктЪктЪк
0.9585378154323495,ЁЯФ╡ЁЯФ╡ЁЯФ╡ЁЯФ╡ЁЯФ╡ЁЯФ╡ЁЯФ╡ЁЯФ╡ЁЯФ╡
0.42509806399004735,ЁЯФ╡ЁЯФ╡ЁЯФ╡ЁЯФ╡тЪктЪктЪктЪктЪк
0.8289054266418979,ЁЯФ╡ЁЯФ╡ЁЯФ╡ЁЯФ╡ЁЯФ╡ЁЯФ╡ЁЯФ╡ЁЯФ╡тЪк
0.3826243867800718,ЁЯФ╡ЁЯФ╡ЁЯФ╡тЪктЪктЪктЪктЪктЪк
0.018952140858579325,тЪктЪктЪктЪктЪктЪктЪктЪктЪк
0.73950562809356,ЁЯФ╡ЁЯФ╡ЁЯФ╡ЁЯФ╡ЁЯФ╡ЁЯФ╡ЁЯФ╡тЪктЪк
0.7112667740690715,ЁЯФ╡ЁЯФ╡ЁЯФ╡ЁЯФ╡ЁЯФ╡ЁЯФ╡ЁЯФ╡тЪктЪк
0.196311003412996,ЁЯФ╡тЪктЪктЪктЪктЪктЪктЪктЪк
0.6952401915616223,ЁЯФ╡ЁЯФ╡ЁЯФ╡ЁЯФ╡ЁЯФ╡ЁЯФ╡тЪктЪктЪк
0.9177127659561107,ЁЯФ╡ЁЯФ╡ЁЯФ╡ЁЯФ╡ЁЯФ╡ЁЯФ╡ЁЯФ╡ЁЯФ╡ЁЯФ╡
0.4283662177196984,ЁЯФ╡ЁЯФ╡ЁЯФ╡ЁЯФ╡тЪктЪктЪктЪктЪк
0.6534334462059899,ЁЯФ╡ЁЯФ╡ЁЯФ╡ЁЯФ╡ЁЯФ╡ЁЯФ╡тЪктЪктЪк
0.20377200868313583,ЁЯФ╡ЁЯФ╡тЪктЪктЪктЪктЪктЪктЪк
0.7408258057361312,ЁЯФ╡ЁЯФ╡ЁЯФ╡ЁЯФ╡ЁЯФ╡ЁЯФ╡ЁЯФ╡тЪктЪк
0.39841829012919483,ЁЯФ╡ЁЯФ╡ЁЯФ╡тЪктЪктЪктЪктЪктЪк
0.7717841279498341,ЁЯФ╡ЁЯФ╡ЁЯФ╡ЁЯФ╡ЁЯФ╡ЁЯФ╡ЁЯФ╡тЪктЪк
0.9245601853476765,ЁЯФ╡ЁЯФ╡ЁЯФ╡ЁЯФ╡ЁЯФ╡ЁЯФ╡ЁЯФ╡ЁЯФ╡ЁЯФ╡
0.29652955720579455,ЁЯФ╡ЁЯФ╡тЪктЪктЪктЪктЪктЪктЪк
0.1805126899044589,ЁЯФ╡тЪктЪктЪктЪктЪктЪктЪктЪк
0.7970314044897394,ЁЯФ╡ЁЯФ╡ЁЯФ╡ЁЯФ╡ЁЯФ╡ЁЯФ╡ЁЯФ╡тЪктЪк
0.09093616536250226,тЪктЪктЪктЪктЪктЪктЪктЪктЪк
0.9264903746056322,ЁЯФ╡ЁЯФ╡ЁЯФ╡ЁЯФ╡ЁЯФ╡ЁЯФ╡ЁЯФ╡ЁЯФ╡ЁЯФ╡
0.5836842839187698,ЁЯФ╡ЁЯФ╡ЁЯФ╡ЁЯФ╡ЁЯФ╡тЪктЪктЪктЪк
0.3579871102676708,ЁЯФ╡ЁЯФ╡ЁЯФ╡тЪктЪктЪктЪктЪктЪк
0.20142829917171023,ЁЯФ╡ЁЯФ╡тЪктЪктЪктЪктЪктЪктЪк
0.3623947333399554,ЁЯФ╡ЁЯФ╡ЁЯФ╡тЪктЪктЪктЪктЪктЪк
0.5832321489273921,ЁЯФ╡ЁЯФ╡ЁЯФ╡ЁЯФ╡ЁЯФ╡тЪктЪктЪктЪк
0.9907234254078512,ЁЯФ╡ЁЯФ╡ЁЯФ╡ЁЯФ╡ЁЯФ╡ЁЯФ╡ЁЯФ╡ЁЯФ╡ЁЯФ╡
0.9168091907039299,ЁЯФ╡ЁЯФ╡ЁЯФ╡ЁЯФ╡ЁЯФ╡ЁЯФ╡ЁЯФ╡ЁЯФ╡ЁЯФ╡
0.9029700778783023,ЁЯФ╡ЁЯФ╡ЁЯФ╡ЁЯФ╡ЁЯФ╡ЁЯФ╡ЁЯФ╡ЁЯФ╡ЁЯФ╡
0.03164216374969242,тЪктЪктЪктЪктЪктЪктЪктЪктЪк
0.3555070291709538,ЁЯФ╡ЁЯФ╡ЁЯФ╡тЪктЪктЪктЪктЪктЪк
0.5146755902977878,ЁЯФ╡ЁЯФ╡ЁЯФ╡ЁЯФ╡ЁЯФ╡тЪктЪктЪктЪк
0.9603002928599648,ЁЯФ╡ЁЯФ╡ЁЯФ╡ЁЯФ╡ЁЯФ╡ЁЯФ╡ЁЯФ╡ЁЯФ╡ЁЯФ╡
0.8093649011945802,ЁЯФ╡ЁЯФ╡ЁЯФ╡ЁЯФ╡ЁЯФ╡ЁЯФ╡ЁЯФ╡ЁЯФ╡тЪк
0.547528075730438,ЁЯФ╡ЁЯФ╡ЁЯФ╡ЁЯФ╡ЁЯФ╡тЪктЪктЪктЪк
0.3729564138690019,ЁЯФ╡ЁЯФ╡ЁЯФ╡тЪктЪктЪктЪктЪктЪк
0.15658361226439732,ЁЯФ╡тЪктЪктЪктЪктЪктЪктЪктЪк
0.8569040680704152,ЁЯФ╡ЁЯФ╡ЁЯФ╡ЁЯФ╡ЁЯФ╡ЁЯФ╡ЁЯФ╡ЁЯФ╡тЪк
0.5857013607684963,ЁЯФ╡ЁЯФ╡ЁЯФ╡ЁЯФ╡ЁЯФ╡тЪктЪктЪктЪк
0.8279155679378079,ЁЯФ╡ЁЯФ╡ЁЯФ╡ЁЯФ╡ЁЯФ╡ЁЯФ╡ЁЯФ╡ЁЯФ╡тЪк
0.25173176860124624,ЁЯФ╡ЁЯФ╡тЪктЪктЪктЪктЪктЪктЪк
0.08529487171217975,тЪктЪктЪктЪктЪктЪктЪктЪктЪк
0.915839360333495,ЁЯФ╡ЁЯФ╡ЁЯФ╡ЁЯФ╡ЁЯФ╡ЁЯФ╡ЁЯФ╡ЁЯФ╡ЁЯФ╡
0.07095423181975347,тЪктЪктЪктЪктЪктЪктЪктЪктЪк
0.859641858807137,ЁЯФ╡ЁЯФ╡ЁЯФ╡ЁЯФ╡ЁЯФ╡ЁЯФ╡ЁЯФ╡ЁЯФ╡тЪк
0.9732347478664581,ЁЯФ╡ЁЯФ╡ЁЯФ╡ЁЯФ╡ЁЯФ╡ЁЯФ╡ЁЯФ╡ЁЯФ╡ЁЯФ╡
0.8762114500570257,ЁЯФ╡ЁЯФ╡ЁЯФ╡ЁЯФ╡ЁЯФ╡ЁЯФ╡ЁЯФ╡ЁЯФ╡тЪк
0.1006721808984199,ЁЯФ╡тЪктЪктЪктЪктЪктЪктЪктЪк
0.10582248201882549,ЁЯФ╡тЪктЪктЪктЪктЪктЪктЪктЪк
0.7522706823631574,ЁЯФ╡ЁЯФ╡ЁЯФ╡ЁЯФ╡ЁЯФ╡ЁЯФ╡ЁЯФ╡тЪктЪк
0.842141609183351,ЁЯФ╡ЁЯФ╡ЁЯФ╡ЁЯФ╡ЁЯФ╡ЁЯФ╡ЁЯФ╡ЁЯФ╡тЪк
0.7659474612418796,ЁЯФ╡ЁЯФ╡ЁЯФ╡ЁЯФ╡ЁЯФ╡ЁЯФ╡ЁЯФ╡тЪктЪк
0.9879420285886322,ЁЯФ╡ЁЯФ╡ЁЯФ╡ЁЯФ╡ЁЯФ╡ЁЯФ╡ЁЯФ╡ЁЯФ╡ЁЯФ╡
0.4434635250059511,ЁЯФ╡ЁЯФ╡ЁЯФ╡ЁЯФ╡тЪктЪктЪктЪктЪк
0.5408939540433533,ЁЯФ╡ЁЯФ╡ЁЯФ╡ЁЯФ╡ЁЯФ╡тЪктЪктЪктЪк
0.6918896399835315,ЁЯФ╡ЁЯФ╡ЁЯФ╡ЁЯФ╡ЁЯФ╡ЁЯФ╡тЪктЪктЪк
0.5930477329556367,ЁЯФ╡ЁЯФ╡ЁЯФ╡ЁЯФ╡ЁЯФ╡тЪктЪктЪктЪк
0.3024961120820526,ЁЯФ╡ЁЯФ╡ЁЯФ╡тЪктЪктЪктЪктЪктЪк
0.07632454754625528,тЪктЪктЪктЪктЪктЪктЪктЪктЪк
0.5816884382487876,ЁЯФ╡ЁЯФ╡ЁЯФ╡ЁЯФ╡ЁЯФ╡тЪктЪктЪктЪк
0.44499948209347817,ЁЯФ╡ЁЯФ╡ЁЯФ╡ЁЯФ╡тЪктЪктЪктЪктЪк
0.44243433301263824,ЁЯФ╡ЁЯФ╡ЁЯФ╡ЁЯФ╡тЪктЪктЪктЪктЪк
0.07453433488736538,тЪктЪктЪктЪктЪктЪктЪктЪктЪк
0.28978254357690514,ЁЯФ╡ЁЯФ╡тЪктЪктЪктЪктЪктЪктЪк
0.6375898282058998,ЁЯФ╡ЁЯФ╡ЁЯФ╡ЁЯФ╡ЁЯФ╡ЁЯФ╡тЪктЪктЪк
0.2829284356761693,ЁЯФ╡ЁЯФ╡тЪктЪктЪктЪктЪктЪктЪк
0.3346312490372024,ЁЯФ╡ЁЯФ╡ЁЯФ╡тЪктЪктЪктЪктЪктЪк
0.6701882054600051,ЁЯФ╡ЁЯФ╡ЁЯФ╡ЁЯФ╡ЁЯФ╡ЁЯФ╡тЪктЪктЪк
0.13575536461646465,ЁЯФ╡тЪктЪктЪктЪктЪктЪктЪктЪк
0.5591117537302884,ЁЯФ╡ЁЯФ╡ЁЯФ╡ЁЯФ╡ЁЯФ╡тЪктЪктЪктЪк
0.7503231729312059,ЁЯФ╡ЁЯФ╡ЁЯФ╡ЁЯФ╡ЁЯФ╡ЁЯФ╡ЁЯФ╡тЪктЪк
0.3936270462788678,ЁЯФ╡ЁЯФ╡ЁЯФ╡тЪктЪктЪктЪктЪктЪк
0.2879564473918098,ЁЯФ╡ЁЯФ╡тЪктЪктЪктЪктЪктЪктЪк
0.4608668746167287,ЁЯФ╡ЁЯФ╡ЁЯФ╡ЁЯФ╡тЪктЪктЪктЪктЪк
0.7103613880193989,ЁЯФ╡ЁЯФ╡ЁЯФ╡ЁЯФ╡ЁЯФ╡ЁЯФ╡ЁЯФ╡тЪктЪк
0.9071447551993788,ЁЯФ╡ЁЯФ╡ЁЯФ╡ЁЯФ╡ЁЯФ╡ЁЯФ╡ЁЯФ╡ЁЯФ╡ЁЯФ╡
0.7332444148396375,ЁЯФ╡ЁЯФ╡ЁЯФ╡ЁЯФ╡ЁЯФ╡ЁЯФ╡ЁЯФ╡тЪктЪк
0.9746946174983157,ЁЯФ╡ЁЯФ╡ЁЯФ╡ЁЯФ╡ЁЯФ╡ЁЯФ╡ЁЯФ╡ЁЯФ╡ЁЯФ╡
0.13730750926984514,ЁЯФ╡тЪктЪктЪктЪктЪктЪктЪктЪк
0.5205750494028996,ЁЯФ╡ЁЯФ╡ЁЯФ╡ЁЯФ╡ЁЯФ╡тЪктЪктЪктЪк
0.6306762427833168,ЁЯФ╡ЁЯФ╡ЁЯФ╡ЁЯФ╡ЁЯФ╡ЁЯФ╡тЪктЪктЪк
0.7920344178974807,ЁЯФ╡ЁЯФ╡ЁЯФ╡ЁЯФ╡ЁЯФ╡ЁЯФ╡ЁЯФ╡тЪктЪк
0.4885684020019748,ЁЯФ╡ЁЯФ╡ЁЯФ╡ЁЯФ╡тЪктЪктЪктЪктЪк
0.6811740620949481,ЁЯФ╡ЁЯФ╡ЁЯФ╡ЁЯФ╡ЁЯФ╡ЁЯФ╡тЪктЪктЪк
0.7851308220293358,ЁЯФ╡ЁЯФ╡ЁЯФ╡ЁЯФ╡ЁЯФ╡ЁЯФ╡ЁЯФ╡тЪктЪк
0.14676837399495257,ЁЯФ╡тЪктЪктЪктЪктЪктЪктЪктЪк
0.5460234397901593,ЁЯФ╡ЁЯФ╡ЁЯФ╡ЁЯФ╡ЁЯФ╡тЪктЪктЪктЪк
0.32331245705806755,ЁЯФ╡ЁЯФ╡ЁЯФ╡тЪктЪктЪктЪктЪктЪк
0.9516536242808473,ЁЯФ╡ЁЯФ╡ЁЯФ╡ЁЯФ╡ЁЯФ╡ЁЯФ╡ЁЯФ╡ЁЯФ╡ЁЯФ╡
0.5180780483014307,ЁЯФ╡ЁЯФ╡ЁЯФ╡ЁЯФ╡ЁЯФ╡тЪктЪктЪктЪк
0.5041136112320332,ЁЯФ╡ЁЯФ╡ЁЯФ╡ЁЯФ╡ЁЯФ╡тЪктЪктЪктЪк
0.9458567197962694,ЁЯФ╡ЁЯФ╡ЁЯФ╡ЁЯФ╡ЁЯФ╡ЁЯФ╡ЁЯФ╡ЁЯФ╡ЁЯФ╡
0.5954140096442996,ЁЯФ╡ЁЯФ╡ЁЯФ╡ЁЯФ╡ЁЯФ╡тЪктЪктЪктЪк
0.8573206942019103,ЁЯФ╡ЁЯФ╡ЁЯФ╡ЁЯФ╡ЁЯФ╡ЁЯФ╡ЁЯФ╡ЁЯФ╡тЪк
0.28641795959526173,ЁЯФ╡ЁЯФ╡тЪктЪктЪктЪктЪктЪктЪк
0.29392054377402455,ЁЯФ╡ЁЯФ╡тЪктЪктЪктЪктЪктЪктЪк
0.44829205355459467,ЁЯФ╡ЁЯФ╡ЁЯФ╡ЁЯФ╡тЪктЪктЪктЪктЪк
0.4830804665797347,ЁЯФ╡ЁЯФ╡ЁЯФ╡ЁЯФ╡тЪктЪктЪктЪктЪк
0.5765859655712614,ЁЯФ╡ЁЯФ╡ЁЯФ╡ЁЯФ╡ЁЯФ╡тЪктЪктЪктЪк
0.981096980807516,ЁЯФ╡ЁЯФ╡ЁЯФ╡ЁЯФ╡ЁЯФ╡ЁЯФ╡ЁЯФ╡ЁЯФ╡ЁЯФ╡
0.9082326712150506,ЁЯФ╡ЁЯФ╡ЁЯФ╡ЁЯФ╡ЁЯФ╡ЁЯФ╡ЁЯФ╡ЁЯФ╡ЁЯФ╡
0.06936842506591767,тЪктЪктЪктЪктЪктЪктЪктЪктЪк
0.9108005147705511,ЁЯФ╡ЁЯФ╡ЁЯФ╡ЁЯФ╡ЁЯФ╡ЁЯФ╡ЁЯФ╡ЁЯФ╡ЁЯФ╡
0.42851635155143186,ЁЯФ╡ЁЯФ╡ЁЯФ╡ЁЯФ╡тЪктЪктЪктЪктЪк
0.6774655744588484,ЁЯФ╡ЁЯФ╡ЁЯФ╡ЁЯФ╡ЁЯФ╡ЁЯФ╡тЪктЪктЪк
0.7290354687011406,ЁЯФ╡ЁЯФ╡ЁЯФ╡ЁЯФ╡ЁЯФ╡ЁЯФ╡ЁЯФ╡тЪктЪк
0.4497914729065826,ЁЯФ╡ЁЯФ╡ЁЯФ╡ЁЯФ╡тЪктЪктЪктЪктЪк
0.4186223418748999,ЁЯФ╡ЁЯФ╡ЁЯФ╡ЁЯФ╡тЪктЪктЪктЪктЪк
0.6994777799312787,ЁЯФ╡ЁЯФ╡ЁЯФ╡ЁЯФ╡ЁЯФ╡ЁЯФ╡тЪктЪктЪк
0.3740089956700605,ЁЯФ╡ЁЯФ╡ЁЯФ╡тЪктЪктЪктЪктЪктЪк
0.0384440631487053,тЪктЪктЪктЪктЪктЪктЪктЪктЪк
0.10870700859327209,ЁЯФ╡тЪктЪктЪктЪктЪктЪктЪктЪк
0.7848167584345696,ЁЯФ╡ЁЯФ╡ЁЯФ╡ЁЯФ╡ЁЯФ╡ЁЯФ╡ЁЯФ╡тЪктЪк
0.6141190423346456,ЁЯФ╡ЁЯФ╡ЁЯФ╡ЁЯФ╡ЁЯФ╡ЁЯФ╡тЪктЪктЪк
0.08456550183936606,тЪктЪктЪктЪктЪктЪктЪктЪктЪк
0.9338986733397584,ЁЯФ╡ЁЯФ╡ЁЯФ╡ЁЯФ╡ЁЯФ╡ЁЯФ╡ЁЯФ╡ЁЯФ╡ЁЯФ╡
0.4048794854335167,ЁЯФ╡ЁЯФ╡ЁЯФ╡ЁЯФ╡тЪктЪктЪктЪктЪк
0.3972009648601471,ЁЯФ╡ЁЯФ╡ЁЯФ╡тЪктЪктЪктЪктЪктЪк
0.2434842230624742,ЁЯФ╡ЁЯФ╡тЪктЪктЪктЪктЪктЪктЪк
0.8030601821079026,ЁЯФ╡ЁЯФ╡ЁЯФ╡ЁЯФ╡ЁЯФ╡ЁЯФ╡ЁЯФ╡ЁЯФ╡тЪк
0.7375890996533062,ЁЯФ╡ЁЯФ╡ЁЯФ╡ЁЯФ╡ЁЯФ╡ЁЯФ╡ЁЯФ╡тЪктЪк
0.340344295536104,ЁЯФ╡ЁЯФ╡ЁЯФ╡тЪктЪктЪктЪктЪктЪк
0.6162726731311614,ЁЯФ╡ЁЯФ╡ЁЯФ╡ЁЯФ╡ЁЯФ╡ЁЯФ╡тЪктЪктЪк
0.4548164117555038,ЁЯФ╡ЁЯФ╡ЁЯФ╡ЁЯФ╡тЪктЪктЪктЪктЪк
0.8780011444301193,ЁЯФ╡ЁЯФ╡ЁЯФ╡ЁЯФ╡ЁЯФ╡ЁЯФ╡ЁЯФ╡ЁЯФ╡тЪк
0.640033777122941,ЁЯФ╡ЁЯФ╡ЁЯФ╡ЁЯФ╡ЁЯФ╡ЁЯФ╡тЪктЪктЪк
0.8099843407576011,ЁЯФ╡ЁЯФ╡ЁЯФ╡ЁЯФ╡ЁЯФ╡ЁЯФ╡ЁЯФ╡ЁЯФ╡тЪк
0.47519141596583103,ЁЯФ╡ЁЯФ╡ЁЯФ╡ЁЯФ╡тЪктЪктЪктЪктЪк
0.7322809561551535,ЁЯФ╡ЁЯФ╡ЁЯФ╡ЁЯФ╡ЁЯФ╡ЁЯФ╡ЁЯФ╡тЪктЪк
0.20186310493771653,ЁЯФ╡ЁЯФ╡тЪктЪктЪктЪктЪктЪктЪк
0.7144535783909095,ЁЯФ╡ЁЯФ╡ЁЯФ╡ЁЯФ╡ЁЯФ╡ЁЯФ╡ЁЯФ╡тЪктЪк
0.5513051697413477,ЁЯФ╡ЁЯФ╡ЁЯФ╡ЁЯФ╡ЁЯФ╡тЪктЪктЪктЪк
0.1503955160521495,ЁЯФ╡тЪктЪктЪктЪктЪктЪктЪктЪк
0.8921558601243301,ЁЯФ╡ЁЯФ╡ЁЯФ╡ЁЯФ╡ЁЯФ╡ЁЯФ╡ЁЯФ╡ЁЯФ╡тЪк
0.6546023078483288,ЁЯФ╡ЁЯФ╡ЁЯФ╡ЁЯФ╡ЁЯФ╡ЁЯФ╡тЪктЪктЪк
0.20406317130117368,ЁЯФ╡ЁЯФ╡тЪктЪктЪктЪктЪктЪктЪк
0.1602842974051547,ЁЯФ╡тЪктЪктЪктЪктЪктЪктЪктЪк
0.8116163083040492,ЁЯФ╡ЁЯФ╡ЁЯФ╡ЁЯФ╡ЁЯФ╡ЁЯФ╡ЁЯФ╡ЁЯФ╡тЪк
0.11193900198982853,ЁЯФ╡тЪктЪктЪктЪктЪктЪктЪктЪк
0.24420903841878194,ЁЯФ╡ЁЯФ╡тЪктЪктЪктЪктЪктЪктЪк
0.31110527220469997,ЁЯФ╡ЁЯФ╡ЁЯФ╡тЪктЪктЪктЪктЪктЪк
0.12249775469730972,ЁЯФ╡тЪктЪктЪктЪктЪктЪктЪктЪк
0.1304280071503502,ЁЯФ╡тЪктЪктЪктЪктЪктЪктЪктЪк
0.06101149389642646,тЪктЪктЪктЪктЪктЪктЪктЪктЪк
0.17636760834148246,ЁЯФ╡тЪктЪктЪктЪктЪктЪктЪктЪк
0.8148945157877603,ЁЯФ╡ЁЯФ╡ЁЯФ╡ЁЯФ╡ЁЯФ╡ЁЯФ╡ЁЯФ╡ЁЯФ╡тЪк
0.931721355424061,ЁЯФ╡ЁЯФ╡ЁЯФ╡ЁЯФ╡ЁЯФ╡ЁЯФ╡ЁЯФ╡ЁЯФ╡ЁЯФ╡
0.7769805607080958,ЁЯФ╡ЁЯФ╡ЁЯФ╡ЁЯФ╡ЁЯФ╡ЁЯФ╡ЁЯФ╡тЪктЪк
0.47418867536616516,ЁЯФ╡ЁЯФ╡ЁЯФ╡ЁЯФ╡тЪктЪктЪктЪктЪк
0.6782533428214546,ЁЯФ╡ЁЯФ╡ЁЯФ╡ЁЯФ╡ЁЯФ╡ЁЯФ╡тЪктЪктЪк
0.5094793362231279,ЁЯФ╡ЁЯФ╡ЁЯФ╡ЁЯФ╡ЁЯФ╡тЪктЪктЪктЪк
0.4040602372274471,ЁЯФ╡ЁЯФ╡ЁЯФ╡ЁЯФ╡тЪктЪктЪктЪктЪк
0.3354825402623013,ЁЯФ╡ЁЯФ╡ЁЯФ╡тЪктЪктЪктЪктЪктЪк
0.2211071583126658,ЁЯФ╡ЁЯФ╡тЪктЪктЪктЪктЪктЪктЪк
0.016447790756736747,тЪктЪктЪктЪктЪктЪктЪктЪктЪк
0.7755499940816816,ЁЯФ╡ЁЯФ╡ЁЯФ╡ЁЯФ╡ЁЯФ╡ЁЯФ╡ЁЯФ╡тЪктЪк
0.7933517681575075,ЁЯФ╡ЁЯФ╡ЁЯФ╡ЁЯФ╡ЁЯФ╡ЁЯФ╡ЁЯФ╡тЪктЪк
0.9408287179183182,ЁЯФ╡ЁЯФ╡ЁЯФ╡ЁЯФ╡ЁЯФ╡ЁЯФ╡ЁЯФ╡ЁЯФ╡ЁЯФ╡
0.22480225528107578,ЁЯФ╡ЁЯФ╡тЪктЪктЪктЪктЪктЪктЪк
0.17493065721144208,ЁЯФ╡тЪктЪктЪктЪктЪктЪктЪктЪк
0.18200400226266678,ЁЯФ╡тЪктЪктЪктЪктЪктЪктЪктЪк
0.901573138599104,ЁЯФ╡ЁЯФ╡ЁЯФ╡ЁЯФ╡ЁЯФ╡ЁЯФ╡ЁЯФ╡ЁЯФ╡ЁЯФ╡
0.9764688450024923,ЁЯФ╡ЁЯФ╡ЁЯФ╡ЁЯФ╡ЁЯФ╡ЁЯФ╡ЁЯФ╡ЁЯФ╡ЁЯФ╡
0.9528833937415294,ЁЯФ╡ЁЯФ╡ЁЯФ╡ЁЯФ╡ЁЯФ╡ЁЯФ╡ЁЯФ╡ЁЯФ╡ЁЯФ╡
0.955753509124475,ЁЯФ╡ЁЯФ╡ЁЯФ╡ЁЯФ╡ЁЯФ╡ЁЯФ╡ЁЯФ╡ЁЯФ╡ЁЯФ╡
0.24046761413188422,ЁЯФ╡ЁЯФ╡тЪктЪктЪктЪктЪктЪктЪк
0.05281412483800718,тЪктЪктЪктЪктЪктЪктЪктЪктЪк
0.8226145344773095,ЁЯФ╡ЁЯФ╡ЁЯФ╡ЁЯФ╡ЁЯФ╡ЁЯФ╡ЁЯФ╡ЁЯФ╡тЪк
0.5900560354537755,ЁЯФ╡ЁЯФ╡ЁЯФ╡ЁЯФ╡ЁЯФ╡тЪктЪктЪктЪк
0.12451194433094437,ЁЯФ╡тЪктЪктЪктЪктЪктЪктЪктЪк
0.6496621761983776,ЁЯФ╡ЁЯФ╡ЁЯФ╡ЁЯФ╡ЁЯФ╡ЁЯФ╡тЪктЪктЪк
0.7545608486978784,ЁЯФ╡ЁЯФ╡ЁЯФ╡ЁЯФ╡ЁЯФ╡ЁЯФ╡ЁЯФ╡тЪктЪк
0.507878541765134,ЁЯФ╡ЁЯФ╡ЁЯФ╡ЁЯФ╡ЁЯФ╡тЪктЪктЪктЪк
0.7729443100308334,ЁЯФ╡ЁЯФ╡ЁЯФ╡ЁЯФ╡ЁЯФ╡ЁЯФ╡ЁЯФ╡тЪктЪк
0.5988459027261339,ЁЯФ╡ЁЯФ╡ЁЯФ╡ЁЯФ╡ЁЯФ╡тЪктЪктЪктЪк
0.43029780373198057,ЁЯФ╡ЁЯФ╡ЁЯФ╡ЁЯФ╡тЪктЪктЪктЪктЪк
0.9314490394731164,ЁЯФ╡ЁЯФ╡ЁЯФ╡ЁЯФ╡ЁЯФ╡ЁЯФ╡ЁЯФ╡ЁЯФ╡ЁЯФ╡
0.710018503153088,ЁЯФ╡ЁЯФ╡ЁЯФ╡ЁЯФ╡ЁЯФ╡ЁЯФ╡ЁЯФ╡тЪктЪк
0.11438359293561118,ЁЯФ╡тЪктЪктЪктЪктЪктЪктЪктЪк
0.034343559410261126,тЪктЪктЪктЪктЪктЪктЪктЪктЪк
0.2494098223233997,ЁЯФ╡ЁЯФ╡тЪктЪктЪктЪктЪктЪктЪк
0.896857899275956,ЁЯФ╡ЁЯФ╡ЁЯФ╡ЁЯФ╡ЁЯФ╡ЁЯФ╡ЁЯФ╡ЁЯФ╡тЪк
0.04772829163831138,тЪктЪктЪктЪктЪктЪктЪктЪктЪк
0.8527807557604564,ЁЯФ╡ЁЯФ╡ЁЯФ╡ЁЯФ╡ЁЯФ╡ЁЯФ╡ЁЯФ╡ЁЯФ╡тЪк
0.24948042206525678,ЁЯФ╡ЁЯФ╡тЪктЪктЪктЪктЪктЪктЪк
0.4468029107666578,ЁЯФ╡ЁЯФ╡ЁЯФ╡ЁЯФ╡тЪктЪктЪктЪктЪк
0.9285369670085741,ЁЯФ╡ЁЯФ╡ЁЯФ╡ЁЯФ╡ЁЯФ╡ЁЯФ╡ЁЯФ╡ЁЯФ╡ЁЯФ╡
0.23222685183540104,ЁЯФ╡ЁЯФ╡тЪктЪктЪктЪктЪктЪктЪк
0.10879571523800513,ЁЯФ╡тЪктЪктЪктЪктЪктЪктЪктЪк
0.7493083372291327,ЁЯФ╡ЁЯФ╡ЁЯФ╡ЁЯФ╡ЁЯФ╡ЁЯФ╡ЁЯФ╡тЪктЪк
0.2796064556862591,ЁЯФ╡ЁЯФ╡тЪктЪктЪктЪктЪктЪктЪк
0.10624014300035678,ЁЯФ╡тЪктЪктЪктЪктЪктЪктЪктЪк
0.43950447273403925,ЁЯФ╡ЁЯФ╡ЁЯФ╡ЁЯФ╡тЪктЪктЪктЪктЪк
0.22590800883461803,ЁЯФ╡ЁЯФ╡тЪктЪктЪктЪктЪктЪктЪк
0.3133385845927834,ЁЯФ╡ЁЯФ╡ЁЯФ╡тЪктЪктЪктЪктЪктЪк
0.7642802789606506,ЁЯФ╡ЁЯФ╡ЁЯФ╡ЁЯФ╡ЁЯФ╡ЁЯФ╡ЁЯФ╡тЪктЪк
0.9750117976544762,ЁЯФ╡ЁЯФ╡ЁЯФ╡ЁЯФ╡ЁЯФ╡ЁЯФ╡ЁЯФ╡ЁЯФ╡ЁЯФ╡
0.22243880112603975,ЁЯФ╡ЁЯФ╡тЪктЪктЪктЪктЪктЪктЪк
0.1038863656796184,ЁЯФ╡тЪктЪктЪктЪктЪктЪктЪктЪк
0.16600040522812354,ЁЯФ╡тЪктЪктЪктЪктЪктЪктЪктЪк
0.03121058661434295,тЪктЪктЪктЪктЪктЪктЪктЪктЪк
0.7773398094528722,ЁЯФ╡ЁЯФ╡ЁЯФ╡ЁЯФ╡ЁЯФ╡ЁЯФ╡ЁЯФ╡тЪктЪк
0.18309193068397056,ЁЯФ╡тЪктЪктЪктЪктЪктЪктЪктЪк
0.2326824004193212,ЁЯФ╡ЁЯФ╡тЪктЪктЪктЪктЪктЪктЪк
0.8976560451779464,ЁЯФ╡ЁЯФ╡ЁЯФ╡ЁЯФ╡ЁЯФ╡ЁЯФ╡ЁЯФ╡ЁЯФ╡тЪк
0.9366862785195947,ЁЯФ╡ЁЯФ╡ЁЯФ╡ЁЯФ╡ЁЯФ╡ЁЯФ╡ЁЯФ╡ЁЯФ╡ЁЯФ╡
0.010354324292247585,тЪктЪктЪктЪктЪктЪктЪктЪктЪк
0.6075309020462114,ЁЯФ╡ЁЯФ╡ЁЯФ╡ЁЯФ╡ЁЯФ╡ЁЯФ╡тЪктЪктЪк
0.8544624219594417,ЁЯФ╡ЁЯФ╡ЁЯФ╡ЁЯФ╡ЁЯФ╡ЁЯФ╡ЁЯФ╡ЁЯФ╡тЪк
0.12417799373366767,ЁЯФ╡тЪктЪктЪктЪктЪктЪктЪктЪк
0.5585538160704976,ЁЯФ╡ЁЯФ╡ЁЯФ╡ЁЯФ╡ЁЯФ╡тЪктЪктЪктЪк
0.1511951574715732,ЁЯФ╡тЪктЪктЪктЪктЪктЪктЪктЪк
0.23744025142971492,ЁЯФ╡ЁЯФ╡тЪктЪктЪктЪктЪктЪктЪк
0.7256295758910848,ЁЯФ╡ЁЯФ╡ЁЯФ╡ЁЯФ╡ЁЯФ╡ЁЯФ╡ЁЯФ╡тЪктЪк
0.36752970003234076,ЁЯФ╡ЁЯФ╡ЁЯФ╡тЪктЪктЪктЪктЪктЪк
0.4951690116718661,ЁЯФ╡ЁЯФ╡ЁЯФ╡ЁЯФ╡тЪктЪктЪктЪктЪк
